{"cameraMode":{"drawMode":0,"name":"Shaded","section":"Shading Mode"},"sceneLighting":true,"audioPlay":false,"sceneViewState":{"m_AlwaysRefresh":false,"showFog":true,"showSkybox":true,"showFlares":true,"showImageEffects":true,"showParticleSystems":true,"showVisualEffectGraphs":true,"m_FxEnabled":true},"in2DMode":false,"pivot":{"x":0.39819857478141787,"y":0.3218674957752228,"z":-0.4998759329319},"rotation":{"x":-0.5038235783576965,"y":-0.04738401994109154,"z":0.027692396193742753,"w":-0.8620645999908447},"size":1.9337419271469117,"orthographic":false}