{"cameraMode":{"drawMode":0,"name":"Shaded","section":"Shading Mode"},"sceneLighting":false,"audioPlay":false,"sceneViewState":{"m_AlwaysRefresh":false,"showFog":true,"showSkybox":false,"showFlares":true,"showImageEffects":true,"showParticleSystems":true,"showVisualEffectGraphs":true,"m_FxEnabled":true},"in2DMode":false,"pivot":{"x":0.012688425369560719,"y":-0.000051994375098729506,"z":0.0020959663670510055},"rotation":{"x":-0.3140561878681183,"y":-0.04355920851230621,"z":0.014425750821828843,"w":-0.9483007788658142},"size":2.2411270141601564,"orthographic":false}